Id,Igrac,Link
1,Stole Dimitrievski ,https://www.rezultati.com/igrac/dimitrievski-stole/2axfsTHA/
2,Damjan Siskovski,https://www.rezultati.com/igrac/siskovski-damjan/YeKtjX5Q/
3,Deni Iliev ,https://www.rezultati.com/igrac/iliev-dejan/zNkxopOe/
4,Darko Velkovski,https://www.rezultati.com/igrac/velkoski-darko/Iez1JQxc/
5,Visar Musliu,https://www.rezultati.com/igrac/musliu-visar/8SBmrZDU/
6,Kire Ristevski,https://www.rezultati.com/igrac/ristevski-kire/Od3GttA4/
7,Gjoko Zajkov,https://www.rezultati.com/igrac/zajkov-gjoko/OhX6CoYE/
8,Nikola Serafimov ,https://www.rezultati.com/igrac/serafimov-nikola/jLnKkHmM/
9,Stefan Ristovski,https://www.rezultati.com/igrac/ristovski-stefan/vyfPfq5g/
10,Ezgjan Alioski,https://www.rezultati.com/igrac/alioski-egzijan/ObGOBo9F/
11,Stefan Askovski ,https://www.rezultati.com/igrac/askovski-stefan/pnxY5aE4/
12,Todor Todoroski ,https://www.rezultati.com/igrac/todoroski-todor/EZVpMCmb/
13,Enis Bardhi,https://www.rezultati.com/igrac/bardhi-enis/vTZ0Ttwo/
14,Elif Elmas,https://www.rezultati.com/igrac/elmas-elif/vDVD8EAA/
15,Arijan Ademi,https://www.rezultati.com/igrac/ademi-arijan/8lnElLro/
16,Boban Nikolov,https://www.rezultati.com/igrac/nikolov-boban/YcBAK3A0/
17,Tihomir Kostadinov,https://www.rezultati.com/igrac/kostadinov-tihomir/A9ouE1BB/
18,Stefan Spirovski,https://www.rezultati.com/igrac/spirovski-stefan/ldBxqXSP/
19,Danijel Avramovski,https://www.rezultati.com/igrac/avramovski-daniel/KGtZ8nzP/
20,Jani Atanasov,https://www.rezultati.com/igrac/atanasov-jani/IiIE6aWf/
21,Adis Jahovic,https://www.rezultati.com/igrac/jahovic-adis/WIEXLcEI/
22,Milan Ristovski,https://www.rezultati.com/igrac/ristovski-milan/GhJNakZR/
23,Aleksandar Trajkovski,https://www.rezultati.com/igrac/trajkovski-aleksandar/jNG8YW1p/
24,Darko Curlinov,https://www.rezultati.com/igrac/churlinov-darko/OhNz5XBm/
25,Bojan Miovski,https://www.rezultati.com/igrac/miovski-bojan/2ZExqRk3/
26,Nikola Gjorgjev,https://www.rezultati.com/igrac/gjorgjev-nikola/nkPdsrnk/
27,Erdal Rakip,https://www.rezultati.com/igrac/rakip-erdal/4f5gPK1B/
28,Valon Etemi,https://www.rezultati.com/igrac/ethemi-valon/As1KJmPq/
